,,,,,,,,,,,,,,,,,,,,,,,
,,,,Statistical Process Control Chart,,,,,,,,,,,,,,,,,,,
Part:,,Demo Part,,Operation:,,Demo Op 10,,,,Machine:,MC-1,,,,,,,,,,,,
Characteristics:,,Demo Flatness 1,,Measurement Unit:,,mm,,,,Sampling Frequency:,Once / 50 pcs,,,,,,,,,,,,
Equipment:,,CMM,,USL:,,0.2,,,,LSL:,0,,,,,,,,,,,,
Control Plan Name:,,CP_Demo,,Sample ID:,,1,,,,,,,,,,,,,,,,,
,,,,,,,,,,,,,,,,,,,,,,,
,,,,,,,,,,,,,,,,,,,,,,,
No.,Sample ID,Sample Date Time,Part,,Machine,,Characteristics,Lot,,,Inspected By,Shift,,Mea. Data : 1,,XChart,MovingRange,Violation (XChart),Violation (MovingRange),Sample Remarks,Root Cause Remarks,Action Taken Remarks,Close Remarks
1,1001,2026-01-05 08:00:00,Demo Part,,MC-1,,Demo Flatness 1,L1,,,Inspector,White Pagi,,0.1,,0.05,,,,,,,
2,1002,2026-01-05 08:30:00,Demo Part,,MC-1,,Demo Flatness 1,L1,,,Inspector,White Pagi,,0.18,,0.09,,,,,,,
3,1003,2026-01-05 09:00:00,Demo Part,,MC-1,,Demo Flatness 1,L1,,,Inspector,White Pagi,,0.24,,0.12,,,,,,,
4,1004,2026-01-05 09:30:00,Demo Part,,MC-1,,Demo Flatness 1,L1,,,Inspector,White Pagi,,0.32,,0.16,,,,,,,
5,1005,2026-01-05 10:00:00,Demo Part,,MC-1,,Demo Flatness 1,L1,,,Inspector,White Pagi,,0.34,,0.17,,,,,,,
6,1006,2026-01-05 10:30:00,Demo Part,,MC-1,,Demo Flatness 1,L1,,,Inspector,White Pagi,,0.42,,0.21,,,,,,,
7,1007,2026-01-05 11:00:00,Demo Part,,MC-1,,Demo Flatness 1,L1,,,Inspector,White Pagi,,0.06,,0.03,,,,,,,
8,1008,2026-01-05 11:30:00,Demo Part,,MC-1,,Demo Flatness 1,L1,,,Inspector,White Pagi,,0.2,,0.1,,,,,,,
